,MXC,PT1,PT2,Still,VaccumeCan,PumpingLine,CompressorOutlet,CompressorInlet,MixtureTank,VentingLine,Compressor1 Input,Compressor1 Output,Compressor2 Input,Compressor2 Output
MXC,1.0,0.0909858485537359,0.015525740276571708,0.0338228194835818,-0.006937262341998167,0.017678909100459005,-0.2770050256247935,-0.15987461748907714,0.3788599013535291,-0.04412360607125739,-0.03667790768712879,-0.11744965122429435,-0.00797030263086307,-0.11521809732083911
PT1,0.0909858485537359,1.0,0.9799644622777027,0.9388844537345629,0.06760869547879214,-0.03014128127657118,-0.6364393758042725,-0.2457459699286471,0.6840451838596548,0.4013346319754073,-0.6919185180825586,-0.9158709500615151,-0.670676487965463,-0.9174076095555763
PT2,0.015525740276571708,0.9799644622777027,1.0,0.9832674895328418,0.07225207402455781,-0.02984676368858261,-0.6610925125371173,-0.3376001585916286,0.6853199645777392,0.42907634393363336,-0.6693421348258958,-0.8472858442201212,-0.6528735048463652,-0.8530981640695952
Still,0.0338228194835818,0.9388844537345629,0.9832674895328418,1.0,0.06971829319493039,-0.027947580126845284,-0.716998701105474,-0.438159873953408,0.7382355866426011,0.4130212863530682,-0.6178984208066254,-0.7622040709865374,-0.6004627111056451,-0.771338919626311
VaccumeCan,-0.006937262341998167,0.06760869547879214,0.07225207402455781,0.06971829319493039,1.0,-0.0017573203031295709,-0.038547920271053394,-0.03806020190144801,0.038157783406174914,0.03137724633781342,-0.048934420929379954,-0.061221773726780435,-0.048287046797952066,-0.061466802888171176
PumpingLine,0.017678909100459005,-0.03014128127657118,-0.02984676368858261,-0.027947580126845284,-0.0017573203031295709,1.0,-0.05277899574195821,-0.00796886578022987,0.06281946908773571,-0.010963179746048974,0.021730275093205718,0.02712339094364686,0.0208337207308216,0.02768101239011726
CompressorOutlet,-0.2770050256247935,-0.6364393758042725,-0.6610925125371173,-0.716998701105474,-0.038547920271053394,-0.05277899574195821,1.0,0.7875001073632167,-0.8855059252218062,-0.22466995904961795,0.5651851635809201,0.5002748408814158,0.5561366487188544,0.5271776247942292
CompressorInlet,-0.15987461748907714,-0.2457459699286471,-0.3376001585916286,-0.438159873953408,-0.03806020190144801,-0.00796886578022987,0.7875001073632167,1.0,-0.6634579622555876,-0.2622548319472638,0.3177290786185814,0.061522471078968716,0.31775569373072443,0.09588154440845265
MixtureTank,0.3788599013535291,0.6840451838596548,0.6853199645777392,0.7382355866426011,0.038157783406174914,0.06281946908773571,-0.8855059252218062,-0.6634579622555876,1.0,0.22117940164667885,-0.42615037674079054,-0.5469542793918696,-0.3883001639992773,-0.5545269865565794
VentingLine,-0.04412360607125739,0.4013346319754073,0.42907634393363336,0.4130212863530682,0.03137724633781342,-0.010963179746048974,-0.22466995904961795,-0.2622548319472638,0.22117940164667885,1.0,-0.288308839151691,-0.36615145978975944,-0.28655379656044966,-0.36741901839706076
Compressor1 Input,-0.03667790768712879,-0.6919185180825586,-0.6693421348258958,-0.6178984208066254,-0.048934420929379954,0.021730275093205718,0.5651851635809201,0.3177290786185814,-0.42615037674079054,-0.288308839151691,1.0,0.7278135998224379,0.9946265918839257,0.7617616306655562
Compressor1 Output,-0.11744965122429435,-0.9158709500615151,-0.8472858442201212,-0.7622040709865374,-0.061221773726780435,0.02712339094364686,0.5002748408814158,0.061522471078968716,-0.5469542793918696,-0.36615145978975944,0.7278135998224379,1.0,0.7097734757889322,0.997662327709874
Compressor2 Input,-0.00797030263086307,-0.670676487965463,-0.6528735048463652,-0.6004627111056451,-0.048287046797952066,0.0208337207308216,0.5561366487188544,0.31775569373072443,-0.3883001639992773,-0.28655379656044966,0.9946265918839257,0.7097734757889322,1.0,0.7468185377777737
Compressor2 Output,-0.11521809732083911,-0.9174076095555763,-0.8530981640695952,-0.771338919626311,-0.061466802888171176,0.02768101239011726,0.5271776247942292,0.09588154440845265,-0.5545269865565794,-0.36741901839706076,0.7617616306655562,0.997662327709874,0.7468185377777737,1.0
