,MXC_mean,MXC_std,MXC_max,MXC_min,PT1_mean,PT1_std,PT1_max,PT1_min,PT2_mean,PT2_std,PT2_max,PT2_min,Still_mean,Still_std,Still_max,Still_min,VaccumeCan_mean,VaccumeCan_std,VaccumeCan_max,VaccumeCan_min,PumpingLine_mean,PumpingLine_std,PumpingLine_max,PumpingLine_min,CompressorOutlet_mean,CompressorOutlet_std,CompressorOutlet_max,CompressorOutlet_min,CompressorInlet_mean,CompressorInlet_std,CompressorInlet_max,CompressorInlet_min,MixtureTank_mean,MixtureTank_std,MixtureTank_max,MixtureTank_min,VentingLine_mean,VentingLine_std,VentingLine_max,VentingLine_min,Compressor1 Input_mean,Compressor1 Input_std,Compressor1 Input_max,Compressor1 Input_min,Compressor1 Output_mean,Compressor1 Output_std,Compressor1 Output_max,Compressor1 Output_min,Compressor2 Input_mean,Compressor2 Input_std,Compressor2 Input_max,Compressor2 Input_min,Compressor2 Output_mean,Compressor2 Output_std,Compressor2 Output_max,Compressor2 Output_min,Label
0,0.0,0.0,0.0,0.0,292841.19946272665,118.27960244501118,293079.0,292677.0,293512.63801208866,127.37858938065187,293813.0,293333.0,293569.44593687035,163.03422503740498,294035.0,293323.0,9.118905036937543,90.09192255831141,1000.0,0.0184,0.10797311484217596,0.11897465912040577,0.789,0.000501,-1.562249832102082,0.30009447780072646,-1.34,-2.69,150.0,0.0,150.0,150.0,710.2243116185359,0.7161162800024472,713.0,710.0,893.8620431833444,290.8608101338549,998.0,0.0149,15.598048529214237,0.04402722930888997,15.93611,15.50167,15.634027649429148,0.04431094462951967,15.97445,15.53778,15.593607656145066,0.04450770070436358,15.91555,15.50389,15.57322479516454,0.04333722855241027,15.9,15.47056,notworking
1,0.0,0.0,0.0,0.0,89461.39943951425,54745.25484282022,293039.0,53574.399999999994,91833.35497431106,74316.30437787028,293592.0,22479.7,147399.5810836058,78547.18588655931,293716.0,60974.9,0.00027127977580569825,0.0012149488138893626,0.0184,1.67e-05,0.0035383283512377397,0.003305100600655429,0.0098,0.000501,-2.6770948155067726,0.03638790078550515,-2.52,-2.79,151.83745913124707,0.4154919264789121,152.0,150.0,731.8556749182625,2.981751629538314,733.0,713.0,0.013578925735637551,0.011254984713516646,0.141,0.00844,18.92500094815507,0.5376063561986821,20.65223,15.57333,30.571913017281645,1.9797142611985217,32.34111,15.61722,19.096522606258755,0.5564865689633172,20.77611,15.58667,28.988713278841665,1.7820113930131782,30.68778,15.535,small error
2,67917.49300411523,22280.6064297477,101899.0,0.0,51620.516975308645,1842.9916904564604,53568.1,44737.8,16468.647335390942,3801.457257159702,22450.0,8500.34,44294.730246913576,10263.227342020478,60865.1,23357.199999999997,1.4514711934156378e-05,1.5788377855827644e-06,1.77e-05,1.18e-05,0.012397458847736626,0.001488148727712345,0.0149,0.0098,-2.6649691358024694,0.029518956085139804,-2.57,-2.74,152.0,0.0,152.0,152.0,732.5895061728395,0.492176656222058,733.0,732.0,0.009049835390946502,0.00015569641451836227,0.00929,0.0086,18.671701748971195,0.12636616455773544,18.95667,18.35,30.14608143004115,0.23264166724543506,30.56333,29.48722,18.823113333333335,0.13865087832594541,19.15222,18.47833,28.602906162551445,0.20458364478843113,28.96166,28.02889,normal
3,6602.297281410729,6299.751238065165,33171.6,4003.8099999999995,36350.41535635562,1524.2942812478489,44737.8,35609.7,3910.7833651726673,997.4478835024518,8500.34,3467.87,6011.763122703895,4190.652610026795,23357.199999999997,4182.85,1.0509853049228509e-05,4.521910471199937e-07,1.18e-05,9.24e-06,16.11839985304923,72.82894371441488,520.0,0.0149,3.5281594415870683,29.616275185380374,202.0,-2.74,179.57825128581925,114.19472506437408,731.0,152.0,724.9346069066862,44.94535227570561,733.0,236.0,0.009093688464364438,0.00018567025623576563,0.0094,0.00856,18.305833460690668,0.22791388128588067,19.71778,18.085,29.06554803085966,0.21773871445854773,30.35444,28.84555,18.410253174136663,0.23196795812246468,19.85611,18.18,27.73862300514328,0.21762380080456284,29.04945,27.52111,small error
4,381.86778461274844,1541.7585680848458,9528.83,14.4251,35831.753906785474,248.3596799622353,37358.5,35701.2,3168.6964701850584,325.36765628112477,5378.48,3083.6899999999996,1251.0607440027416,1477.5280349367367,10440.2,725.326,9.268355037697052e-06,6.58997718144785e-07,1.08e-05,7.94e-06,6.116161343385881,42.711262216503414,522.0,0.0218,706.8934201507882,235.97724788618928,1860.0,206.0,694.4814941740918,67.47093611312413,1330.0,238.0,47.58563056888279,152.39051577750396,738.0,5.93,0.008924914324880054,0.00019645532856025678,0.00946,0.00857,18.305172995202195,0.07013830110092453,18.54,18.07722,29.094302621658674,0.0779884683067904,29.49278,28.82778,18.39228746401645,0.06935369348154122,18.60722,18.16722,27.802532111034957,0.0783665033399509,28.155,27.55444,normal
5,14.004569325265859,2.9490489982762296,43.2275,12.236500000000001,35865.603116978375,20.304569379521006,35886.1,35791.1,3128.9989145581235,6.060084217055207,3142.93,3097.4900000000002,899.1872926292631,0.2116358616486059,900.038,898.0780000000001,7.140188852218555e-06,5.39736116335009e-07,8.69e-06,6.22e-06,0.022438980564723137,0.0001539102960485561,0.0228,0.0219,683.043637697103,7.7811578461533415,703.0,657.0,704.5375870920425,6.666587431241307,720.0,683.0,5.915568390172351,0.02754116999084394,6.01,5.87,0.32272800330033,0.21351461432797975,0.706,0.00868,18.767989459112577,0.6257151339406628,21.45389,18.16222,29.522081353135317,0.5948013218187879,32.01833,28.94611,18.819694143747707,0.6069841792824597,21.44611,18.25222,28.26231718005134,0.594285230032896,30.81667,27.64445,small error
6,12.086294983991463,0.09966623641975106,12.2409,11.9221,35874.200000000004,5.241487180399322e-10,35874.200000000004,35874.200000000004,3131.080000000001,4.140410880350159e-11,3131.08,3131.08,899.1000000000004,1.4787181715536284e-11,899.1,899.1,6.49469583778015e-06,2.0655429718514433e-07,6.84e-06,6.06e-06,0.022541942369263608,7.967391400317747e-05,0.0227,0.0223,687.1921024546425,5.409849907685059,700.0,673.0,708.5336179295624,3.841294830886816,718.0,699.0,5.908367129135541,0.01221258054139665,5.95,5.88,0.8167043756670224,0.06670648740266806,0.934,0.706,18.48688794023479,0.17276696184593585,19.70722,18.32944,29.255727257203844,0.16261099331815715,30.36444,29.06722,18.545838954108856,0.16938448895227354,19.73833,18.38611,28.005576040554963,0.17539065890765793,29.17056,27.81445,normal
7,11.833704897159647,0.04887340043532844,11.9367,11.738999999999999,35874.20000000001,2.3294474836233835e-10,35874.200000000004,35874.200000000004,3131.080000000001,4.413211052958364e-11,3131.08,3131.08,899.1000000000003,1.5468987195936533e-11,899.1,899.1,6.271322233104799e-06,2.0347933118842957e-07,6.71e-06,5.91e-06,0.022486777668952004,0.00014048759114434643,0.0228,0.0221,686.2174338883448,7.132068538923976,705.0,666.0,707.769833496572,5.934190635770072,721.0,692.0,5.901606268364349,0.013089650150452633,5.94,5.87,1.0454015670910872,0.06306524288613324,1.16,0.935,19.117691410381976,0.6679913182504768,20.57778,18.34222,29.842817463271302,0.6299078954687369,31.14222,29.11889,19.140967482859942,0.653893788666401,20.56222,18.41667,28.57439542605289,0.6262105068511105,29.88444,27.83,small error
8,11.667543828960156,0.06071652024014453,11.762599999999999,11.5567,35874.20000000001,2.1110537367214176e-10,35874.200000000004,35874.200000000004,3131.080000000001,4.413194234094343e-11,3131.08,3131.08,899.1000000000001,1.5468928243217286e-11,899.1,899.1,6.053148688046647e-06,1.8885688859137032e-07,6.46e-06,5.7e-06,0.022593100097181733,8.369512657289453e-05,0.0228,0.0223,692.0427599611273,5.571267884264727,705.0,679.0,713.5762876579203,3.736878654786161,723.0,706.0,5.904003887269193,0.012019115143940962,5.94,5.87,1.2861418853255588,0.07206368295820322,1.41,1.16,18.442688454810497,0.07501329517336049,18.80222,18.27278,29.19486567541302,0.07526830056599512,29.52333,29.01833,18.482656307094267,0.07723247226866742,18.84111,18.30389,27.92775443148688,0.08501056976736239,28.33778,27.72722,normal
9,11.39041148097826,0.12865268359121748,11.6204,11.186,35874.200000000004,7.496783236936528e-10,35874.200000000004,35874.200000000004,3131.0800000000004,5.322352176708579e-11,3131.08,3131.08,899.1000000000001,6.2549010623711934e-12,899.1,899.1,5.97953804347826e-06,1.9371442721980388e-07,6.35e-06,5.55e-06,0.022503600543478258,0.00012387060725470292,0.0228,0.0222,686.4660326086956,6.322959019453017,704.0,671.0,708.1311141304348,5.182705052446735,721.0,696.0,5.904870923913043,0.013957677982840021,5.95,5.87,1.5655910326086957,0.09075289659510245,1.74,1.41,18.779030461956523,0.3054795256208608,20.79945,18.39333,29.50717343070652,0.2809845311393774,31.35667,29.17555,18.81707226902174,0.2950785455399081,20.80444,18.49889,28.258864239130435,0.2780638745390884,30.08055,27.91278,small error
10,11.086262485207103,0.08371137463111926,11.2925,10.959399999999999,35874.20000000001,5.096186717714246e-10,35874.200000000004,35874.200000000004,3131.080000000001,3.7766383711632356e-11,3131.08,3131.08,899.1000000000003,1.3764254304540709e-11,899.1,899.1,5.941029585798817e-06,2.0125613899663555e-07,6.54e-06,5.5e-06,0.022543076923076923,8.095988123551259e-05,0.0228,0.0223,686.0213017751479,6.0819459898746855,703.0,671.0,707.6414201183431,4.4354707556781765,721.0,698.0,5.92126627218935,0.013059519632440154,5.96,5.9,1.8544970414201185,0.06232949484197182,1.96,1.74,18.57005913609467,0.08594223711989477,18.86166,18.42445,29.343133207100593,0.07793699815573456,29.61889,29.19111,18.6378189704142,0.08250973368404291,18.89722,18.50945,28.105563562130175,0.09492818424448533,28.39445,27.915,normal
11,10.809061584840654,0.0906589342017077,10.9803,10.657,35874.200000000004,1.5286095567117245e-10,35874.200000000004,35874.200000000004,3131.08,4.776904864724139e-11,3131.08,3131.08,899.1000000000001,1.637795953619705e-11,899.1,899.1,5.699267872523687e-06,3.4182607708534513e-07,6.25e-06,4.5e-06,0.022502497846683893,0.00010924015084072516,0.0228,0.0222,684.4806201550388,6.904384785790001,700.0,664.0,706.4125753660637,5.380630683426198,718.0,689.0,5.916408268733851,0.013108383755160179,5.96,5.88,2.080783807062877,0.06924336601843359,2.21,1.96,18.959173712316968,0.32503527483805766,20.69333,18.40389,29.767476115417747,0.32846331014387736,31.24833,29.42278,18.998962962962963,0.31628286876406564,20.71667,18.52222,28.515604883720933,0.3226176542735588,30.08278,28.18833,small error
12,10.414517928134556,0.17620912952126674,10.6906,10.102,35874.200000000004,1.7247316366129617e-09,35874.200000000004,35874.200000000004,3131.0800000000004,6.231229805273623e-11,3131.08,3131.08,899.1000000000003,4.411892635850667e-11,899.1,899.1,5.469151376146789e-06,4.321630933085231e-07,6.33e-06,4.51e-06,0.022589717125382262,9.985341201063608e-05,0.0229,0.0223,688.2232415902141,5.708255298352728,705.0,672.0,710.0141437308869,4.146572529295751,722.0,699.0,5.92072629969419,0.013295005899455184,5.96,5.88,2.4921177370030576,0.16567478075380598,2.78,2.21,18.673984231651374,0.09119470626986277,19.14167,18.27278,29.483087270642205,0.28130859077971193,32.70833,29.22444,18.728595554281345,0.08921908471594632,19.14444,18.39111,28.235230160550458,0.2543808922763429,31.22778,27.94611,normal
13,10.069459033371691,0.02961294440753754,10.1333,10.0204,35874.200000000004,5.168904815563027e-10,35874.200000000004,35874.200000000004,3131.0800000000004,3.8675784271378286e-11,3131.08,3131.08,899.1000000000001,1.410528602838502e-11,899.1,899.1,5.72891829689298e-06,2.0611052244943047e-07,6.05e-06,5.19e-06,0.022523475258918298,0.00011278371658126543,0.0228,0.0222,685.1484464902186,6.618109006616471,704.0,671.0,707.0713463751439,5.010769108246093,722.0,698.0,5.924016110471806,0.012585366312618992,5.96,5.89,2.856536248561565,0.04875730015257807,2.94,2.77,18.77802924050633,0.181298043351065,19.95389,18.56055,29.509640379746834,0.17076784373765916,30.63611,29.31722,18.829084649021862,0.17767589542153867,19.97445,18.66111,28.28008393555811,0.18166092282209897,29.39222,28.05945,small error
14,9.974750681981336,0.03149894385490124,10.0422,9.934,35874.200000000004,6.259570746527759e-10,35874.200000000004,35874.200000000004,3131.0800000000004,5.1859815777918936e-11,3131.08,3131.08,899.1000000000003,1.3647319941557615e-12,899.1,899.1,5.632246949030869e-06,1.826101207867332e-07,6e-06,5.24e-06,0.022569633883704233,0.00010201107557870825,0.0229,0.0223,686.6862885857861,5.964809886073783,705.0,673.0,708.6503948312993,4.5852980858964125,723.0,699.0,5.92778176597272,0.01290008177532753,5.96,5.9,3.059569274946159,0.06862013107409666,3.19,2.93,18.687018061737255,0.07668641609865819,18.98722,18.45,29.530875204594402,0.2765568450254593,31.34889,29.22722,18.744300423546303,0.07630472886783288,19.05667,18.49667,28.285328097631012,0.2387032660826992,29.88444,28.01556,normal
15,9.91448714057508,0.04014484011451971,9.9866,9.8394,35874.200000000004,3.566643894036091e-10,35874.200000000004,35874.200000000004,3131.08,4.958726842473647e-11,3131.08,3131.08,899.1000000000001,8.984849095307754e-12,899.1,899.1,5.535087859424919e-06,1.7790029077436765e-07,5.88e-06,5.2e-06,0.022515095846645364,0.00010497111817162869,0.0228,0.0222,685.1022364217253,6.104139789713003,703.0,670.0,707.3138977635783,4.676731026332059,721.0,695.0,5.926214057507988,0.012964152524162697,5.96,5.89,3.306022364217252,0.08167506624352894,3.46,3.18,18.952104896166134,0.2983509326294598,20.46167,18.50666,29.698819353035145,0.2816963874166539,31.16333,29.36389,19.00024305910543,0.29078418974597325,20.49278,18.61444,28.457132164536738,0.28387481126688496,29.89444,28.06444,small error
16,9.793197086466165,0.02773433810004563,9.843599999999999,9.725299999999999,35874.200000000004,1.019113085088566e-10,35874.200000000004,35874.200000000004,3131.08,4.5496119870025266e-11,3131.08,3131.08,899.1000000000001,1.580990165483378e-11,899.1,899.1,5.551315789473684e-06,1.8274266176179623e-07,5.84e-06,5.19e-06,0.022575563909774436,0.000106446324476156,0.0229,0.0223,686.6945488721805,5.718196301302063,706.0,672.0,708.4906015037594,4.255913490409886,722.0,698.0,5.936513157894737,0.013542859590865847,5.97,5.9,3.5713063909774436,0.06811039208113746,3.69,3.45,18.74492765037594,0.21332652904299845,20.08778,18.30889,29.60964605263158,0.32546156214069943,32.09834,29.28611,18.808152537593983,0.20867024500460254,20.10333,18.41389,28.355905451127818,0.302558660099349,30.55055,28.03889,normal
17,10.59114393063584,2.034663715410691,18.833699999999997,9.5428,35959.162716763014,177.34962105368666,36350.700000000004,35874.200000000004,3132.130115606937,3.2591174663883686,3148.88,3126.41,899.1607707129095,0.13889060175964446,899.691,899.1,5.440202312138728e-06,1.823342102778783e-07,5.81e-06,5.11e-06,0.02250655105973025,8.98700057327749e-05,0.0227,0.0223,684.6493256262042,6.048052080712511,699.0,669.0,707.3526011560693,4.854781017109597,717.0,692.0,5.928998073217727,0.014242628103700684,5.97,5.89,3.775202312138729,0.05489103358855004,3.88,3.67,19.092731994219655,0.23456829507575463,20.22722,18.77666,29.815740028901732,0.21775169658217508,30.835,29.46445,19.12566804431599,0.22488468932391598,20.24,18.79222,28.56656811175337,0.20928729971336266,29.58555,28.23722,small error
18,10.066178363636364,0.11340952463340391,10.4095,9.8703,36269.334363636364,22.42140983064941,36332.799999999996,36229.700000000004,3136.0318818181822,6.46425912584535,3152.07,3119.29,899.4063600000001,0.16040795194255816,899.8629999999999,898.937,5.408963636363636e-06,1.7610232194341502e-07,5.72e-06,5.04e-06,0.02260518181818182,8.680174998321827e-05,0.0228,0.0223,687.2509090909091,5.473299328762158,702.0,675.0,709.9563636363637,4.072355755126346,719.0,700.0,5.936663636363637,0.014188883929513015,5.98,5.9,3.979690909090909,0.061613835324944785,4.09,3.86,18.730345954545452,0.06509284407428716,19.05667,18.57611,29.51351632727273,0.058862798807872596,29.79167,29.34555,18.795274390909093,0.058341635621873084,19.06445,18.63278,28.283628590909093,0.06929975997235177,28.53389,28.11111,normal
19,9.95475645514223,0.08698103296294643,10.2195,9.792,36292.232166301976,36.880418339813815,36391.1,36246.299999999996,3130.1731291028445,6.038887108715088,3147.8100000000004,3118.81,899.3548446389497,0.20280035105729483,899.822,898.86,5.381356673960611e-06,1.998176738125548e-07,5.88e-06,5.05e-06,0.022487746170678335,9.768570434250767e-05,0.0227,0.0222,684.2275711159738,5.93427684518546,701.0,673.0,706.6411378555798,4.310621980682147,718.0,700.0,5.934070021881839,0.01494358978483473,5.97,5.91,4.124485776805251,0.02134224855943913,4.17,4.07,19.1257909190372,0.2230210743327226,20.04389,18.82278,30.155492078774614,0.6175543681469519,32.83,29.59556,19.1685124726477,0.2112732971130979,20.11611,18.89222,28.876691312910282,0.5390199339119223,31.26889,28.405,small error
20,9.873361187214611,0.06054138324391131,10.052800000000001,9.7338,36414.05205479452,23.770852734054337,36454.799999999996,36366.3,3138.448949771689,4.927081728934885,3153.56,3127.2400000000002,899.4632808219178,0.18259079092640604,900.0989999999999,899.058,5.279041095890411e-06,1.6611455105996415e-07,5.65e-06,5.06e-06,0.022553652968036537,7.726970287258351e-05,0.0227,0.0224,689.6004566210046,5.347657137659289,703.0,678.0,711.6278538812785,3.563205105506748,720.0,705.0,5.92420091324201,0.012370178915246229,5.95,5.9,4.183881278538812,0.018650208217438718,4.22,4.15,19.14831461187215,0.05502597244222809,19.28555,19.00777,29.885244771689496,0.06370569772748318,30.075,29.72167,19.166806552511417,0.052417122931511156,19.31389,19.04389,28.626821757990864,0.06628944622895683,28.78611,28.485,normal
21,9.798394029850748,0.048303235175128,9.9183,9.6956,36418.50575692963,18.776612706653438,36450.8,36376.8,3140.126417910448,5.3687287370780945,3151.5,3126.83,899.4834690831557,0.1600225464997337,899.884,899.1,5.272643923240939e-06,1.8563198552386534e-07,5.57e-06,4.96e-06,0.02260170575692964,6.885255202081104e-05,0.0228,0.0225,689.45842217484,5.387632091784887,702.0,676.0,711.7697228144989,3.9992333837932845,720.0,703.0,5.9288486140724945,0.012674276695013711,5.96,5.9,4.254157782515991,0.024703036427683685,4.3,4.2,18.992231130063967,0.1733602181819094,19.76389,18.80722,29.738580426439235,0.17159582179876082,30.42945,29.51555,19.029944584221745,0.17411739471640678,19.78167,18.79222,28.499830810234542,0.1820486570506836,29.26334,28.24778,small error
22,9.761678934010153,0.053873977969822955,9.9887,9.6682,36357.55076142132,13.723277581432978,36391.3,36329.0,3138.3763832487307,5.550805405605634,3155.3300000000004,3127.36,899.4095824873095,0.16777414038935537,899.9019999999999,898.967,5.275685279187817e-06,1.7615233224130615e-07,5.61e-06,4.94e-06,0.022603553299492384,8.782310655521218e-05,0.0228,0.0223,687.6865482233502,5.245628350040052,703.0,677.0,710.6751269035533,3.5354139540249925,721.0,704.0,5.937322335025382,0.012554841672945375,5.97,5.91,4.362144670050762,0.04034595482407249,4.44,4.29,18.909812525380712,0.2175236511742364,20.21944,18.64278,29.66450105329949,0.21474285518532576,30.88167,29.41278,18.96144795685279,0.21633974346277254,20.24277,18.72277,28.431012499999998,0.21414571851377923,29.63944,28.19333,normal
23,9.68097609561753,0.08051581250222567,9.9015,9.4975,36416.183027888444,33.64063707651615,36470.799999999996,36349.200000000004,3137.6257051792827,6.202883593389361,3153.7099999999996,3125.12,899.3822677290837,0.1751174362013793,899.8399999999999,898.847,5.187266932270916e-06,1.7359076143129728e-07,5.54e-06,4.9e-06,0.02256573705179283,0.00010523268524528219,0.0228,0.0222,688.8916334661354,5.5033165403868685,704.0,677.0,711.2788844621514,4.155125045691505,722.0,704.0,5.927171314741036,0.014516617748422295,5.97,5.89,4.56794422310757,0.07778992739116529,4.73,4.42,19.316423322709163,0.2247721293273786,20.38166,18.96166,30.147724629482067,0.3661195899671813,31.77555,29.64223,19.34579129880478,0.21236191774299476,20.37167,18.97444,28.88996680478088,0.3275314715714602,30.34111,28.41278,small error
24,9.659487685774948,0.06742693638621272,9.9118,9.518,36371.05021231422,12.27924797694933,36415.2,36346.0,3140.932399150743,7.772907099659398,3158.41,3119.25,899.3799861995755,0.18271989451576856,899.8580000000001,898.846,5.2038959660297235e-06,1.7960637621451095e-07,5.48e-06,4.89e-06,0.02265244161358811,0.00011088181130063102,0.0229,0.0223,690.1422505307855,6.510756115491035,703.0,671.0,712.9267515923567,5.07436157963588,722.0,698.0,5.940063694267516,0.012784329639005675,5.97,5.9,4.8234394904458595,0.061267657681212666,4.93,4.71,19.10436883227176,0.17555079142499508,20.245,18.89222,29.848364352441614,0.16134076629087668,30.89167,29.63445,19.151362027600847,0.16713239401520352,20.22944,18.97222,28.616577441613586,0.16478673061942958,29.63445,28.35056,normal
25,9.61235068622811,0.3682504028968166,12.1914,9.291300000000001,36433.77813535257,34.49482785295181,36495.600000000006,36356.7,3144.2747657359205,10.970723482335632,3172.04,3109.6,899.4266213913866,0.22150191008426992,899.963,898.704,5.215456696639849e-06,1.8428093297314824e-07,5.6e-06,4.84e-06,0.022686133459536205,0.00017100930104458262,0.0231,0.0222,692.9332702318977,8.99251559333388,714.0,668.0,715.758637008992,7.903325227809256,735.0,691.0,5.936947468054899,0.013769118405470663,5.98,5.9,5.1398390913393275,0.12437865513712269,5.36,4.93,19.2633056176053,0.2306261905960263,20.37389,18.89722,28.263929209654517,0.8391612517519188,31.375,27.59333,19.302366313298627,0.2215768934192811,20.46444,18.92833,27.21858226691907,0.7587570025730962,30.07277,26.57222,small error
26,9.210230440835268,0.17472515433059718,9.5815,8.7447,36581.18245939675,133.33203149605944,37004.600000000006,36469.0,3156.4562436194897,11.778624576314929,3200.0099999999998,3134.95,899.5848252900232,0.2461197388258954,900.5360000000001,898.845,5.169447795823666e-06,1.9449304277678733e-07,5.57e-06,4.67e-06,0.022898979118329464,0.00018949892283234238,0.0236,0.0225,701.5570765661253,9.626000644681135,739.0,683.0,724.5556844547564,8.847934488020774,756.0,711.0,5.944600928074246,0.012838714192019693,5.99,5.91,5.745795823665894,0.22958943059956566,6.2,5.34,19.189036074245944,0.0940753415207237,19.43222,18.905,27.901361584686775,0.09530208678328488,28.13667,27.61611,19.231368881670534,0.09056375127897776,19.48111,18.95389,26.88560431786543,0.10316173622144954,27.15,26.57222,normal
27,8.943535085007726,0.06486975413592655,9.1907,8.8275,36779.4027820711,19.668185804932595,36827.6,36727.9,3162.585680061824,8.914637118297351,3189.38,3141.08,899.650602782071,0.20478480174821398,900.236,899.1080000000001,4.885347758887172e-06,1.5201862523903918e-07,5.25e-06,4.66e-06,0.02294752704791345,0.00015385504209424283,0.0233,0.0225,705.1561051004637,8.11158008366775,727.0,686.0,728.0448222565688,7.039025032080618,745.0,712.0,5.937998454404946,0.012916412723361961,5.97,5.91,6.322241112828439,0.08498897054504123,6.48,6.17,19.61532383307573,0.3478102662357529,20.99278,18.86166,28.311133508500774,0.3337558733450564,29.74278,27.55944,19.629017503863988,0.3405438291550584,20.98222,18.85611,27.279585038639873,0.3382815051531099,28.60333,26.54167,small error
28,9.086296969696969,0.06551917092416608,9.2563,8.9293,36902.292894461854,79.2718655848839,37011.4,36716.9,3181.560731452456,9.755558606876395,3201.58,3153.69,899.8277210031348,0.2562274962214516,900.519,899.2379999999999,5.061567398119122e-06,1.7519519569014825e-07,5.39e-06,4.7e-06,0.023326645768025074,0.00014358869124886226,0.0236,0.0228,720.2204806687565,8.837354070386018,739.0,695.0,743.3678160919541,7.742760739279244,759.0,722.0,5.944723092998956,0.012694166437898106,5.98,5.91,6.606384535005226,0.07480581899533488,6.73,6.45,19.33596485893417,0.040564414247575495,19.45278,19.19556,28.057066938349006,0.04694548623403928,28.165,27.94333,19.367553155694882,0.043774285038329794,19.47055,19.24167,27.033294179728315,0.06479751487015863,27.18056,26.88944,normal
29,9.007335283993116,0.06480984531228627,9.216999999999999,8.8476,36963.0851979346,71.30996722649417,37104.100000000006,36873.5,3162.897314974183,10.229669875220942,3189.7799999999997,3140.45,899.7884337349399,0.2376511485081516,900.518,899.1759999999999,4.860430292598967e-06,1.968966483742156e-07,5.56e-06,4.6e-06,0.022996041308089504,0.00019788239405083387,0.0234,0.0226,706.0765920826162,8.578270291418447,726.0,686.0,729.736660929432,7.950937964072722,745.0,714.0,5.943442340791739,0.014306556228006933,5.99,5.91,6.8425989672977625,0.06412567816513508,6.98,6.72,19.75806757314974,0.27658389152159624,20.93833,19.23167,28.584048382099827,0.534810457180576,32.45222,28.01556,19.765866514629945,0.27220324082173225,20.94333,19.30389,27.533181617900173,0.48432213174851735,31.04667,27.02611,small error
30,8.93113564929694,0.09171910163048577,9.217400000000001,8.767199999999999,36858.0017369727,80.08834601557372,37026.6,36732.100000000006,3170.983283705542,12.549053652338838,3202.03,3146.41,899.681212572374,0.24299854598688045,900.377,899.0709999999999,4.997617866004962e-06,2.2910157716758283e-07,5.47e-06,4.47e-06,0.0231560794044665,0.0002116980707515057,0.0236,0.0226,712.3110008271299,10.754679548590927,737.0,691.0,735.7105045492142,9.919572122137073,758.0,718.0,5.948701406120762,0.01239730021645636,5.98,5.92,7.079875930521092,0.0722239056063956,7.23,6.93,19.334246476426795,0.06247563297706887,19.61222,19.17278,28.050201811414393,0.06664801779948262,28.33778,27.87667,19.365614301075272,0.06128082909117108,19.62,19.21889,27.02771153846154,0.08364322139428847,27.36889,26.84555,normal
31,8.801903251231526,0.07861306157985147,9.0549,8.6722,37032.92965517242,78.6238730262272,37134.9,36853.4,3169.3540591133005,8.71459136388505,3193.18,3148.27,899.7504137931033,0.2287189696285436,900.4140000000001,899.193,4.917369458128079e-06,1.6715060840670543e-07,5.42e-06,4.58e-06,0.02310463054187192,0.0001492526961594002,0.0235,0.0226,711.0049261083744,8.478594428366529,732.0,687.0,734.551724137931,7.371719140040794,751.0,716.0,5.9374876847290645,0.013677519962571579,5.97,5.9,7.275290640394089,0.05599282552206606,7.41,7.17,19.81273039408867,0.3522430341216434,21.415,19.36556,28.49024212807882,0.3402423535738703,30.02111,28.04944,19.81730525123153,0.3497616564989852,21.43333,19.39889,27.458308738916255,0.3495376001509925,29.00777,27.04667,small error
32,9.07866076233184,0.07525878867624715,9.3224,8.9107,36653.00523168909,75.83812250619194,36854.3,36569.7,3150.643863976084,8.699740404970107,3171.91,3128.31,899.3815866965621,0.1962650781085773,899.965,898.8199999999999,4.916532137518685e-06,1.8890090542496448e-07,5.32e-06,4.56e-06,0.02283826606875934,0.00013956009870831512,0.0232,0.0224,698.440956651719,7.731751530659252,718.0,680.0,721.8325859491779,6.3803936810175435,736.0,708.0,5.956434977578476,0.013484106355092937,5.99,5.93,7.5213527653213745,0.08089741370605938,7.68,7.36,19.280821136023913,0.15371882529821926,20.42834,19.06944,27.974769611360237,0.1429676803793694,29.02889,27.78389,19.317691016442453,0.1450373857790147,20.40222,19.14444,26.965968557548585,0.14096034150683412,27.96444,26.745,normal
33,9.900149105545617,2.7581815490020314,36.5863,8.9616,36618.050268336316,19.80615448599915,36662.4,36572.0,3143.279704830054,6.353992111957092,3159.8700000000003,3120.2000000000003,899.1805483005367,0.2236229779125268,899.7760000000001,897.901,5.011377459749553e-06,1.6279584655699658e-07,5.33e-06,4.74e-06,0.022671198568872987,0.00011071750173495643,0.023,0.0224,691.9186046511628,5.769024269623561,709.0,673.0,715.4991055456172,4.255440364954343,728.0,701.0,5.954579606440071,0.013136308149083393,5.98,5.92,7.727978533094813,0.061176407269802065,7.86,7.61,19.728167924865833,0.2403875341601043,20.93056,19.32944,28.391859230769228,0.22761440660141508,29.47167,27.99,19.740431547406086,0.23217099208210612,20.93333,19.37278,27.375381762075136,0.22781352623330173,28.52611,26.96667,small error
34,9.17185450819672,0.09220707743103698,9.501199999999999,8.973500000000001,36568.91926229509,13.54447632209695,36605.3,36525.399999999994,3145.7838524590165,6.597206472886984,3162.36,3131.32,899.2101895491803,0.18138184098577043,899.651,898.51,5.065051229508197e-06,1.7729592078412844e-07,5.34e-06,4.75e-06,0.0227655737704918,0.00010139174440941561,0.023,0.0224,693.6321721311475,6.178121015082757,710.0,681.0,717.6444672131148,5.052709871858895,731.0,709.0,5.966034836065574,0.01288030958274901,6.01,5.94,7.944549180327868,0.06325691724084133,8.05,7.81,19.385349877049183,0.19622035892067666,20.56722,19.18,28.08230274590164,0.18362314671991706,29.19111,27.81222,19.422507879098358,0.18719283001585088,20.59333,19.18555,27.075280850409836,0.18079871350232718,28.13444,26.81222,normal
35,10.246932197614992,3.0202651013262436,38.6101,9.0438,36621.717717206135,117.09603695200477,38900.6,36565.0,3139.3400851788756,27.653787497592713,3749.93,3124.44,898.9988194207837,1.5490533698882398,899.5840000000001,869.4960000000001,0.00010721034071550256,0.0014269874045244957,0.02,4.8e-06,0.022593526405451446,8.913119084870599e-05,0.0228,0.0223,687.2299829642249,17.429524219118225,700.0,454.0,708.6136286201022,49.622163710885246,722.0,18.4,6.0239182282793875,0.9237721193322292,18.9,5.92,7.992027257240205,0.01548353545252108,8.04,7.96,19.88094797274276,0.251997760968057,21.15,19.45555,28.517631243611582,0.7584139388913979,29.66778,20.11611,19.887018194207837,0.24236485267271723,21.11389,19.49889,27.501767751277683,0.6914508006916956,28.62667,19.86944,small error
36,9689.12372826231,24389.60721691362,101779.0,0.0,259023.26241996026,52717.80057856992,294546.0,38900.6,225418.08107750057,77291.94414357514,295307.0,3749.93,217203.2983402517,81956.63240984848,295659.0,869.4960000000001,8.907887052329434,93.58204440830796,1000.0,0.00518,0.14409866261867965,0.8878332355091881,14.3,0.000501,-0.5314018120998013,7.668208364363702,291.0,-2.85,584.7087657319497,125.49424808908708,741.0,23.3,712.9255023183925,72.31885012322547,733.0,23.8,317.4714075734158,464.1872398391458,1000.0,0.02,15.641389701920955,0.14190253918668438,19.78666,15.48889,15.684614219474499,0.15311028962546408,20.11611,15.53778,15.646707127401191,0.17832334011805392,19.83833,15.48611,15.59752024729521,0.14262279707524278,19.86944,15.45278,notworking
37,0.0,0.0,0.0,0.0,181437.07954545456,58520.878366004545,294282.0,102071.0,223115.76420454544,39098.374710627264,294952.0,163239.0,278221.48295454547,13678.634099215507,295202.0,250716.0,0.0003107321022727273,0.0008746099894135058,0.0049,4.09e-05,0.0005099744318181818,4.250217925990954e-05,0.000792,0.000501,-2.8892897727272726,0.05268631147150477,-2.54,-2.95,420.3636363636364,2.221017544486974,424.0,416.0,725.3551136363636,0.8175615112374242,726.0,723.0,0.01817926136363636,0.009926774437596219,0.0634,0.0139,20.35502383522727,0.9729528018848111,21.45667,15.61222,29.949660909090912,1.9095434708101566,31.26111,15.66333,20.432978693181816,0.9914410578989294,21.54389,15.60444,28.672492329545456,1.7679371798967338,29.92834,15.56833,small error
38,0.0,0.0,0.0,0.0,76774.92786127167,7870.5339175696345,101343.0,68126.59999999999,93689.46404624278,31313.1176692105,162284.0,51642.899999999994,164057.76647398845,44610.294312461985,250194.0,100956.0,0.00012089341040462429,0.0001422536648963198,0.000387,1.52e-05,0.0009547121387283237,0.0008506679560428564,0.00301,0.000501,-2.8809248554913296,0.03241906081574071,-2.77,-2.96,405.449710982659,6.182230961533444,416.0,395.0,726.2427745664739,0.429007981774773,727.0,726.0,0.027542196531791904,0.024015910279615745,0.0968,0.0131,20.269242971098265,0.0814436135426219,20.58278,20.06722,29.867053491329482,0.1040345764307259,30.25333,29.70111,20.357652716763003,0.08104921095215628,20.63444,20.19333,28.578582138728326,0.09978934707663288,28.90722,28.41,normal
39,0.0,0.0,0.0,0.0,66353.70388888888,1126.64247095478,68126.59999999999,64182.50000000001,47314.03055555555,2564.5679152353196,51642.899999999994,42791.5,94144.83722222222,3920.070693326053,100956.0,87595.9,0.00031810555555555556,6.003309117480527e-05,0.000386,0.000192,0.0035162777777777783,0.0002692904613536092,0.00392,0.00303,-2.871222222222222,0.034343899225751214,-2.77,-2.95,392.81111111111113,1.2806636237491429,395.0,391.0,726.0,0.0,726.0,726.0,0.12483277777777775,0.016116363974903604,0.153,0.0977,20.75269527777778,0.35149603834545295,21.71944,20.31722,30.279789944444442,0.3463412619450583,31.23,29.86611,20.85359577777778,0.3524777100174824,21.80166,20.45667,28.974858444444443,0.33260856820499524,29.86389,28.56722,small error
40,16720.65669383004,36541.95958906284,101650.0,0.0,56739.36565774155,2980.9795089484055,64146.9,53698.799999999996,26754.902211874272,5645.6405362151745,42653.5,20415.7,68603.45157159488,8370.571645780185,87513.90000000001,55067.3,2.0663445867287544e-05,2.6926443709906205e-05,0.000192,1.09e-05,0.005800500582072177,0.0010670508585223677,0.00753,0.00392,-2.8891734575087313,0.03437611036276103,-2.79,-2.98,380.3806752037253,6.037617045671924,391.0,370.0,729.5168800931316,1.3091507054276061,730.0,725.0,0.27486030267753203,0.06983911945632683,0.388,0.153,20.645612689173454,0.1244258092042799,20.985,20.33778,30.0412581024447,0.1097550288965085,30.33333,29.74278,20.73924303841677,0.11940857201667028,21.04167,20.42278,28.76739230500582,0.11238542924597453,29.04167,28.44611,normal
41,82236.2530075188,5220.092671375254,91382.09999999999,73630.2,53497.665037593986,139.08382113430497,53691.1,53209.899999999994,18813.316917293236,927.3749101099328,20383.600000000002,17251.8,50459.62142857143,2564.581551235075,54983.3,46284.2,1.0417330827067669e-05,4.140695634165747e-07,1.11e-05,9.71e-06,0.008051503759398497,0.00031139854034534226,0.00856,0.00752,-2.950187969924812,0.023123181336237565,-2.9,-3.02,367.1503759398496,1.7867277589355912,370.0,364.0,729.8157894736842,0.4073554111376432,730.0,728.0,0.42220300751879697,0.018695679815157466,0.452,0.388,20.519038909774437,0.25771226423532434,21.43833,20.26056,29.834530112781955,0.24493793853227425,30.66167,29.56222,20.61258552631579,0.2514207733253824,21.49,20.37889,28.58973917293233,0.24589991249408036,29.42278,28.34333,small error
42,45668.20157060519,18569.768434394206,73449.20000000001,7292.98,48316.53443804034,5197.278441863689,53205.8,37336.9,11383.292680115273,3886.8804617245737,17214.600000000002,3908.04,30458.89768011528,11225.71616342979,46161.4,6222.93,8.448270893371758e-06,7.827169215781283e-07,1.04e-05,7.03e-06,0.00981556195965418,0.0007472982900092158,0.0112,0.00855,-2.9696685878962534,0.024157485200678088,-2.9,-3.05,356.62103746397696,4.3837119572169625,364.0,349.0,728.6023054755043,0.48977467982470807,729.0,728.0,0.5233775216138329,0.039963097864939554,0.593,0.452,20.139124380403455,0.197731083330324,20.73222,19.73833,29.22526201729107,0.37973672968875777,29.88944,28.45389,20.239266469740635,0.19759710677790737,20.78389,19.80722,28.047957910662827,0.32755206329122005,28.66778,27.38167,normal
43,4461.359156626506,543.2200408374043,7134.0,4046.64,36597.100000000006,251.27096515720726,37321.7,36245.0,3578.6385542168673,65.5396778530267,3871.7000000000003,3512.14,4491.815146299484,342.4288745728497,6147.0599999999995,4222.58,7.2950430292598966e-06,1.613708724959933e-07,7.57e-06,7.02e-06,0.012373666092943202,0.0006879092402320301,0.0135,0.0112,-2.9764371772805505,0.02356666834421241,-2.91,-3.04,343.3356282271945,3.425953805196419,349.0,337.0,728.7986230636833,0.5834482786682521,730.0,728.0,0.6496110154905336,0.03201314626246814,0.703,0.593,20.055992220309815,0.3284693511363331,21.36111,19.59667,28.767460654044747,0.30205052510315017,30.00278,28.37889,20.140225215146298,0.32908182929723934,21.44889,19.72278,27.702094905335628,0.2970590456090131,28.96667,27.34055,small error
44,4336.049093851132,1151.1696649855617,9386.46,4026.8199999999997,36170.21051779936,269.01415506741614,37558.100000000006,36006.799999999996,3615.879239482201,418.5781264842415,5371.43,3493.32,4555.20859223301,1335.0627286764218,10468.7,4202.25,7.065436893203883e-06,3.432236632942335e-07,8.64e-06,6.79e-06,19.793622491909385,81.82330108410753,521.0,0.0135,1.5387055016181224,19.797906506731284,132.0,-3.01,347.9126213592233,70.80339251403561,707.0,325.0,720.7022653721683,45.77117380430384,730.0,343.0,0.7566245954692555,0.030274671981912995,0.815,0.704,20.257715404530746,0.14508572733084307,20.53389,19.86389,28.79429145631068,0.13827502375450926,29.07,28.45389,20.33273409385113,0.1550093724919908,20.62889,19.88222,27.75156118122977,0.13795759002241853,28.01833,27.41778,normal
45,3191.5392987951805,3683.4968268319444,9556.800000000001,22.5651,36722.99325301205,629.1126962572362,37922.3,36063.1,3676.6429397590364,882.1123959528928,5392.5,3117.1600000000003,3949.964877108433,3543.891392609269,10519.8,730.971,7.142722891566265e-06,4.200351467135945e-07,8.36e-06,6.34e-06,64.39760313253012,132.79943344878512,524.0,0.0223,882.0963855421687,601.54444971831,1890.0,132.0,705.2650602409639,193.30873683726034,1370.0,200.0,328.0140240963856,302.1305334063009,734.0,3.87,0.8887662650602409,0.039082914700976155,0.951,0.815,21.663477783132528,1.3798269314966578,23.85611,19.94611,30.202430891566262,1.3458344253850911,32.30778,28.51333,21.673025590361444,1.3603203049012564,23.85611,19.92834,29.1976706746988,1.3427834896087032,31.33889,27.44111,small error
46,18.5870543817527,1.1765852433272792,22.5651,17.1447,35962.683073229295,38.2808405603302,36064.5,35907.200000000004,3135.6555222088837,6.032609701041102,3151.77,3120.69,902.5727442977189,0.2069177260532857,903.1439999999999,901.8190000000001,7.291956782713086e-06,1.8041122378744265e-07,7.67e-06,6.83e-06,0.02239591836734694,8.411103616662588e-05,0.0226,0.0222,682.3781512605042,5.411868451445107,699.0,671.0,704.2797118847539,3.6624109221991747,715.0,696.0,5.274717887154862,0.012612889444766705,5.31,5.24,1.065483793517407,0.06346870472778472,1.18,0.951,19.935689291716685,0.05950982921278827,20.25,19.79444,28.499705282112846,0.06018435953903177,28.79389,28.35334,19.978456398559427,0.059180406056840267,20.25555,19.815,27.500197527010805,0.061984182589050404,27.77333,27.35611,normal
47,17.28357765957447,0.05886433356130066,17.4177,17.197,35949.01489361702,10.004046854376089,35964.1,35912.0,3124.063829787234,3.8050140312959697,3131.9300000000003,3115.84,902.1964893617021,0.18550631652078248,902.694,901.695,7.099361702127659e-06,1.253556097658221e-07,7.27e-06,6.84e-06,0.022210106382978725,6.745162149616668e-05,0.0223,0.022,674.186170212766,4.497464551648243,684.0,665.0,695.5797872340426,2.241804076181925,702.0,690.0,5.274787234042552,0.011675535316587892,5.3,5.25,1.2064893617021277,0.01576616880332003,1.23,1.18,20.36458005319149,0.3543930099781704,21.495,19.88444,28.904677553191487,0.3436397007225704,29.97445,28.39445,20.393481063829785,0.3554937529659173,21.50278,19.905,27.906495,0.35369115583520416,28.96944,27.415,small error
48,19.54411545253863,4.41909860143782,44.699000000000005,17.3735,35991.44370860927,19.343512928381422,36026.0,35946.399999999994,3139.3728256070644,10.297611951796643,3159.3,3115.88,902.0157350993378,0.30469967156099687,902.744,900.3520000000001,6.758543046357616e-06,1.3957139203565333e-07,7.1e-06,6.49e-06,0.022406181015452536,0.00015214319318231057,0.0228,0.0221,682.4569536423841,7.469763622450158,699.0,667.0,704.0529801324503,6.064682410178637,717.0,692.0,5.232869757174393,0.016937503268672854,5.28,5.2,1.2828697571743932,0.02898997826810414,1.33,1.23,20.601737019867553,0.1227235020358359,20.81722,20.27333,29.203092913907287,0.20001526035449466,29.76556,28.82,20.625174569536423,0.11818951029365356,20.84333,20.32222,28.176710264900667,0.17965628748561957,28.71167,27.86389,normal
49,17.75264832451499,0.19100664260510064,18.0643,17.077599999999997,36027.5241622575,15.378652944604625,36057.6,35992.4,3143.268253968254,6.003813271672487,3157.2599999999998,3129.56,901.9705132275132,0.2020542279780529,902.5,901.445,6.472857142857142e-06,9.835907596318277e-08,6.69e-06,6.26e-06,0.022435626102292768,0.00011341434661061665,0.0227,0.0222,683.700176366843,5.968561626056493,699.0,672.0,705.4585537918871,4.194640702805761,715.0,697.0,5.219135802469136,0.009592081467156921,5.25,5.2,1.3916931216931216,0.03421441958262071,1.45,1.33,20.576866613756614,0.22463683426983788,21.27111,19.86389,30.87542978835979,1.0585066008772257,34.22778,29.14722,20.60009904761905,0.21725445991138626,21.28889,19.92834,29.62191507936508,0.9044909755604348,32.61278,28.10611,small error
50,16.88394631016043,0.4301021444896717,17.3002,15.4299,35955.51465240642,19.339739220799363,36011.0,35923.200000000004,3144.407786096257,7.156188612481362,3168.17,3127.46,901.7237176470588,0.22641443462948535,902.4159999999999,901.131,6.109914438502675e-06,8.768857413184711e-08,6.64e-06,5.93e-06,0.022439572192513368,0.00011171156686924821,0.0228,0.0222,687.0534759358288,5.227309096358645,702.0,673.0,708.1272727272727,3.696727898814603,720.0,699.0,5.206951871657755,0.007948767578817004,5.23,5.18,1.5273155080213903,0.04491917467953381,1.61,1.45,20.18845962566845,0.07090768861770884,20.36889,20.03389,30.230465839572194,0.07262648890818384,30.42667,30.09611,20.20320901604278,0.07120710854680257,20.37889,20.06222,29.037256213903742,0.06890156420651194,29.22444,28.905,normal
51,17.05355625,0.11110334573427204,17.3244,16.8698,35955.844507575755,9.645321551952275,35983.4,35935.6,3137.339204545455,5.6083691301159515,3152.2999999999997,3123.3300000000004,901.4467500000001,0.16808071048515213,901.889,901.044,6.003030303030303e-06,5.627850768483896e-08,6.15e-06,5.86e-06,0.022347348484848484,9.174967882811536e-05,0.0226,0.0222,681.4242424242424,5.195416476680806,694.0,671.0,703.0473484848485,3.1628225474350184,711.0,697.0,5.2107386363636365,0.007445173648793187,5.23,5.19,1.6578030303030307,0.03265167541349712,1.71,1.61,20.575599204545455,0.22899693619200306,21.53611,20.27889,30.5968296780303,0.21460678204808598,31.46278,30.30778,20.595866098484844,0.22295662746480496,21.52111,20.27889,29.415690719696972,0.21105841611360657,30.29722,29.13944,small error
52,16.381543243243243,0.560073333292534,17.0825,14.988299999999999,35949.63397683398,4.795864256674421,35963.6,35937.600000000006,3136.026023166023,6.58861485832947,3150.93,3122.4599999999996,901.3354131274133,0.1985617354193421,901.81,900.871,5.8392664092664085e-06,5.588473109548625e-08,5.96e-06,5.72e-06,0.022315057915057914,0.00011532351077174713,0.0226,0.022,681.6216216216217,5.469761455804692,696.0,669.0,702.8030888030888,4.361102524421733,712.0,695.0,5.206949806949806,0.00794612369306764,5.23,5.19,1.7390347490347489,0.013873555132352193,1.76,1.71,20.46688362934363,0.05527566146454248,20.58778,20.31722,30.542784208494208,0.09847506567325409,30.79889,30.36723,20.479478996138994,0.05261483797330693,20.60333,20.325,29.354783706563705,0.08577174251080559,29.58278,29.20111,normal
53,15.879169960474309,0.5115043040506114,16.502,14.9766,35968.14822134387,7.7207902433992945,35985.5,35944.5,3132.0812648221345,6.754416249393203,3143.3399999999997,3112.96,901.2602332015811,0.18909908842319753,901.663,900.829,5.864150197628458e-06,3.9033069642989164e-08,5.97e-06,5.76e-06,0.02225494071146245,0.00011728279672410759,0.0225,0.0219,678.1699604743083,6.342002744240596,690.0,663.0,699.7193675889328,5.126601607587002,707.0,687.0,5.20806324110672,0.00853354448731776,5.23,5.19,1.793399209486166,0.01667579272072761,1.83,1.76,20.63514719367589,0.31478659072903276,21.56722,20.26333,31.286824110671933,0.551154900367318,32.94611,30.50944,20.65876138339921,0.30559096535598945,21.59333,20.27333,30.01117747035573,0.47751584576459244,31.49389,29.35056,small error
54,15.202056480754123,1.4925466696107745,16.7772,13.2768,35957.822780832685,8.623913629324463,35980.3,35929.8,3137.707446975648,6.368619868327598,3155.27,3121.4,901.2491861743913,0.17571854477690704,901.734,900.654,5.68949725058916e-06,7.524320233185009e-08,6.05e-06,5.53e-06,0.022349489395129613,9.401160818710694e-05,0.0226,0.0221,683.3919874312647,4.923263211928648,695.0,668.0,704.7753338570307,3.349381042405523,713.0,695.0,5.206567164179105,0.007031963606006387,5.22,5.19,1.9470777690494894,0.06619920207997405,2.06,1.83,20.424294540455616,0.07011649756948875,20.74778,20.21445,30.50301764336214,0.12096420887485118,31.15278,30.28444,20.443460400628435,0.07058013711676323,20.75278,20.21445,29.317489442262367,0.10784804512893134,29.90222,29.05944,normal
55,14.150720727272727,0.8427207298016499,16.435499999999998,13.3165,35981.339272727266,13.903622362449399,36000.9,35941.200000000004,3129.7124363636362,8.671174721441608,3152.33,3114.32,900.9442727272727,0.2510381259427357,901.6229999999999,900.412,5.619672727272727e-06,4.3642147371621966e-08,5.7e-06,5.47e-06,0.022224,0.0001094378469075773,0.0225,0.022,677.5054545454545,7.052654368604737,695.0,664.0,699.0072727272727,5.203867685212841,712.0,690.0,5.209963636363637,0.007122401271150386,5.23,5.19,2.084109090909091,0.014606358888287563,2.11,2.06,20.708404327272728,0.2684388486694913,21.70889,20.4,30.968714872727272,0.3006887492516721,31.66667,30.53,20.732098,0.26084500027808294,21.67834,20.42834,29.756626763636365,0.28543889930776406,30.46778,29.35056,small error
56,48.533852450384764,13.918226583877143,72.2462,16.4335,36022.845565006086,18.764004213048608,36059.8,35970.4,3130.743138922641,10.09464679076829,3158.89,3095.07,958.1588825435399,72.52685235348821,1154.47,894.471,5.5652045362494944e-06,6.114394933427232e-08,5.74e-06,5.41e-06,0.0271971243418388,0.005570713445444757,0.0429,0.0221,701.3900364520049,24.045063336696987,762.0,662.0,724.5159983799109,25.650504606610443,786.0,689.0,5.215014175779667,0.008365740698966475,5.24,5.19,2.2915836371000404,0.09588517067727333,2.44,2.11,20.738819202106118,0.12762512691213632,21.05445,20.50278,30.776907739975698,0.14861932181424925,31.39278,30.50167,20.762102195220734,0.12525089911312995,21.08556,20.53389,29.603567549615224,0.13876651088743144,30.215,29.36389,normal
57,2082.6250197115382,6158.972774738407,27143.4,66.1507,37364.954567307694,4449.815188622416,61832.0,36040.2,5040.8071875,5717.94296177766,34093.0,3147.69,3553.6669711538466,7300.1518874692565,32782.1,975.51,0.0016103201201923079,0.0054061174638458005,0.02,5.65e-06,1.7534055288461539,13.364432209108212,155.0,0.0302,829.7307692307693,146.5002146151958,1360.0,746.0,851.4350961538462,141.67208232347772,1380.0,729.0,78.62838942307691,210.57818455541116,722.0,5.2,2.4679807692307696,0.015883904572462627,2.5,2.44,21.023998413461534,0.24822815920255975,21.89222,20.55945,31.03457759615384,1.0722567098717786,32.04167,21.36611,21.048153533653842,0.24335386298485517,21.89722,20.60333,29.866613557692308,0.9684910975552115,30.84278,21.18056,small error
58,5986.45230052417,19568.454205158647,101971.0,0.0,275080.03748398373,38849.63658685768,294001.0,61832.0,256776.57433896328,60367.54048954129,294336.0,34093.0,251961.04102504367,65053.49958086972,294360.0,32782.1,2.4769337216074545,46.63525152398821,1000.0,0.02,0.020009958532323822,0.1497127060152167,7.88,0.000501,7.055836575422247,82.00779955766188,914.0,-3.0,538.9818287711124,139.90577609310253,742.0,326.0,721.9327897495632,3.228632888209735,734.0,717.0,3.1807203261502623,31.816840579286925,1000.0,0.209,15.623611253348866,0.157169496759445,21.21667,15.38611,15.66612996039604,0.16533699039708807,21.36611,15.40667,15.630939289458357,0.17782110229051393,21.15,15.39889,15.583121361677346,0.15482252190417234,21.18056,15.35222,notworking
59,0.0,0.0,0.0,0.0,168379.29990583804,73166.33361726232,293002.0,84556.5,209642.06873822975,53123.491706081986,293652.0,130824.99999999999,267179.8549905838,23836.330766671297,293701.0,217231.0,0.008530014218455747,0.048742883790751194,0.343,2.23e-05,0.0006604943502824858,0.0009928681838044155,0.0156,0.000501,-3.2174293785310732,0.12503376434992067,-2.82,-3.34,322.74105461393594,2.3712442437977588,326.0,318.0,727.6252354048964,3.0476646536088494,731.0,721.0,0.24446139359698682,0.0585814071208734,0.754,0.192,18.45300618644068,1.0720415022843257,19.84111,15.49111,32.47448149717514,5.8858575483222015,40.12444,15.53778,18.70207080979284,1.15572703073757,20.07,15.50667,30.54370297551789,5.203372362071911,36.87111,15.47833,small error
60,0.0,0.0,0.0,0.0,72578.93495145631,4892.89281474024,84556.5,64652.299999999996,79463.5152750809,24742.195514708113,130824.99999999999,45096.4,143353.3082200647,37286.2264414933,217231.0,91598.7,0.00012824051779935274,0.00012152254893103345,0.000303,1.36e-05,0.015638044660194174,0.019615867053625065,0.043,0.000501,-3.2403300970873787,0.02835210296507779,-3.17,-3.33,309.9844660194175,4.868718697110875,318.0,302.0,729.7708737864077,1.4723024248785752,731.0,727.0,0.19379611650485434,0.02013192848423098,0.239,0.167,18.450682996763753,0.11891556435610151,18.76611,17.995,32.51357614239482,0.24493153414031166,33.47334,31.79333,18.70568270550162,0.09925147496617129,18.99778,18.32166,30.61027220711974,0.21688246472464018,31.38556,29.93833,notworking
61,0.0,0.0,0.0,0.0,60876.87419962336,1927.2871869579635,64652.299999999996,58262.799999999996,35384.61054613936,5422.986588445028,45096.4,27910.3,81090.10753295668,5765.336396912655,91598.7,72249.1,4.901374764595104e-05,5.142989494121578e-05,0.000186,1.43e-05,0.04387777777777778,0.0003441636780901811,0.0446,0.043,-3.2458003766478343,0.02781118411937923,-3.18,-3.32,298.83427495291903,1.5778037015055781,302.0,296.0,727.457627118644,0.5098956796182743,728.0,726.0,0.25704896421845574,0.010275885577254678,0.275,0.239,18.441157796610167,0.30149904308656905,19.51167,17.98722,32.28418506591337,0.39660970204898227,33.70555,31.53,18.707235593220336,0.2986850029381565,19.72278,18.29611,30.4055227306968,0.36323249283926534,31.74722,29.70667,small error
62,31826.507408528887,34370.71280216242,101880.0,0.0,46600.28814029776,8193.941998733108,58262.799999999996,35679.7,13193.355735553874,8412.484786346457,27910.3,3474.7200000000003,33775.90869038607,24525.254509728886,72249.1,4192.89,9.832957355538733e-06,2.2257265651932292e-06,1.57e-05,7.35e-06,0.044856926570779714,0.0003624950575415845,0.0457,0.0441,-3.2515039111784,0.030094234839327057,-3.16,-3.36,277.2021196063588,10.829329719771739,296.0,259.0,727.1155690133737,0.35774738050353505,728.0,726.0,0.40525056775170326,0.07133770527850251,0.522,0.275,18.02586427706283,0.3404593388175567,18.68389,17.44778,30.52532664143326,0.9601016696703764,32.74166,29.03111,18.247463239969722,0.3552228268956738,18.93611,17.60944,28.943301132980064,0.7865533354735565,30.79889,27.70111,normal
63,3997.2687236842107,9.110821148789807,4022.5600000000004,3978.3599999999997,35649.344605263155,15.631036399475134,35685.899999999994,35610.0,3476.9477368421058,5.381619930795662,3491.1,3464.19,4181.60422368421,8.006585805500098,4195.08,4168.59,7.37725e-06,9.486244461961481e-08,7.57e-06,7.16e-06,0.046542894736842096,0.0005907963759295792,0.0476,0.0457,-3.245657894736842,0.02905791438117842,-3.17,-3.32,255.5407894736842,1.9305243528885843,259.0,252.0,726.9921052631579,0.08855918559374021,727.0,726.0,0.5411250000000001,0.011644669173407344,0.562,0.522,17.750423671052634,0.23507799580690764,18.88222,17.49111,29.238665407894736,0.2253878374700196,30.27445,28.95111,17.924644092105265,0.24143562681840972,19.08278,17.67111,27.900961842105264,0.22755664850439314,28.92056,27.62167,small error
64,1576.1842316788716,2617.6399037682763,9125.03,15.5218,35841.16238133984,404.65231101347496,37327.2,35593.0,3339.997865473284,549.3467718188946,5318.4800000000005,3088.77,2820.980347165718,2163.8274003314423,9805.400000000001,1652.1399999999999,7.622036886357473e-06,3.726367760206283e-07,8.9e-06,6.72e-06,20.76694079197179,81.03292592250898,521.0,0.0228,517.4844084621643,360.91735415834654,1820.0,-3.3,572.473230268511,171.90205099142563,1280.0,84.6,211.5835909953892,313.42843729549634,730.0,4.18,0.7250032546786005,0.10434560563502507,0.908,0.562,17.773370433957144,0.07908436121782272,18.12889,17.49667,29.271206981285598,0.1111840577653422,29.92056,28.99,17.92568649037158,0.06822028230712926,18.27278,17.67889,27.995308017358287,0.1122872043354123,28.61111,27.68333,normal
65,15.487872193436958,0.07953941942683762,15.706100000000001,15.3384,35741.5158894646,8.442329683156748,35760.1,35715.0,3103.677530224525,6.9945354063408285,3116.1400000000003,3088.77,1652.6815889464594,0.3490975467954889,1653.26,1651.92,7.4752504317789295e-06,7.566131380866123e-08,7.64e-06,7.34e-06,0.02309550949913644,0.00015059469596523996,0.0234,0.0228,620.1139896373057,5.322550557381169,632.0,607.0,643.0621761658031,4.02409732361806,650.0,634.0,4.984490500863559,0.00897176441226122,5.02,4.96,0.9464075993091537,0.021478314748469486,0.98,0.907,17.964040466321244,0.22630472209198696,18.88722,17.59167,29.41595623488774,0.2326832790805004,30.215,28.96166,18.09579797927461,0.20952078430043172,18.95389,17.74333,28.146359861830742,0.2232248016041045,28.91,27.71166,small error
66,14.940761092824227,0.24359386929499488,15.4224,14.481499999999999,35760.35036208032,10.794261432910513,35790.3,35730.8,3124.0650691244236,6.024472376376654,3137.1600000000003,3104.97,1653.5171099407507,0.20083987734472458,1654.04,1652.81,7.064894667544437e-06,1.8558588117972366e-07,7.49e-06,6.69e-06,0.02348808426596445,9.658074401535109e-05,0.0237,0.0232,631.7527978933509,4.950840029363427,642.0,617.0,654.8413429888084,3.078467140371184,660.0,645.0,4.983614219881502,0.008854657572045331,5.02,4.96,1.1142468729427255,0.07983171888769684,1.26,0.98,17.878649937458857,0.0901016266761954,18.28833,17.535,29.263940299539172,0.22092497997039234,30.72889,28.89445,18.021641105990785,0.07750094159132276,18.37056,17.75889,28.010447323897303,0.19757763516551488,29.33278,27.58778,normal
67,14.495867717996289,0.05861333092294901,14.6625,14.369200000000001,35795.11261595548,13.955562388622118,35822.5,35764.7,3122.048719851577,5.265097078205911,3133.5299999999997,3107.3599999999997,1653.2073840445269,0.2876530189288087,1653.69,1652.51,6.595788497217069e-06,1.6028865625704518e-07,6.83e-06,6.16e-06,0.02339276437847867,0.00013442553718862908,0.0236,0.023,629.317254174397,5.7349689647245246,639.0,615.0,652.6604823747681,3.923257379495624,658.0,643.0,4.978200371057514,0.01071377877427679,5.01,4.95,1.2838404452690166,0.014642599555217376,1.31,1.26,18.367194174397035,0.5743437048005879,19.91778,17.725,29.723213339517628,0.501123069337918,31.11389,29.10833,18.45372677179963,0.5504227257670781,19.94611,17.87167,28.455101280148423,0.5087970584196972,29.87166,27.825,small error
68,14.377981755196306,0.05697526237621096,14.535400000000001,14.2674,35792.574595842954,6.316908628148044,35809.9,35775.6,3121.757090069284,2.994804735135689,3128.3500000000004,3114.43,1653.2385450346421,0.11735494762079532,1653.45,1652.91,6.579307159353349e-06,3.686160766870186e-08,6.76e-06,6.52e-06,0.023435103926096996,6.394478816623056e-05,0.0235,0.0233,629.8960739030023,4.230161575813463,637.0,620.0,652.782909930716,1.5910582995924671,655.0,649.0,4.979769053117785,0.007542611253273474,5.0,4.96,1.3280138568129332,0.011354139078368373,1.35,1.31,17.984150739030024,0.08844872883384441,18.21389,17.76611,29.40144277136259,0.11652951372175067,29.87166,29.03111,18.117466859122406,0.07651525324404893,18.30389,17.88722,28.146915011547343,0.108603429721533,28.60333,27.84556,normal
69,14.149427325581394,0.11505460805809471,14.4197,13.952000000000002,35879.19019933555,54.951673504160155,35967.1,35791.7,3121.924003322259,7.216689308486097,3138.76,3105.57,1653.0737126245847,0.44508314536841354,1653.97,1652.11,6.331985049833888e-06,2.386749159149944e-07,6.72e-06,5.82e-06,0.023369019933554815,0.00020805564573455593,0.0237,0.0229,629.373754152824,6.440843451374328,642.0,613.0,652.6843853820598,4.9989247759257,661.0,641.0,4.973878737541528,0.017255266418872105,5.01,4.93,1.3996511627906978,0.027771982873540796,1.45,1.35,18.83599968438538,0.9082823598942097,21.03111,17.80222,30.288216171096344,0.8900817054412122,32.79611,29.15722,18.916787292358805,0.8624275115282876,21.06222,17.93611,29.001330539867105,0.854969441001067,31.43167,27.92278,small error
70,13.993372211273156,2.167492846915936,42.405,13.4568,35870.2652739456,27.732046588359253,35941.299999999996,35829.6,3126.7246275128105,5.412241829579059,3140.7400000000002,3113.25,1653.237276310603,0.24243920121954668,1653.91,1652.62,6.2008435159637375e-06,7.581729989691224e-08,6.46e-06,6.07e-06,0.023533307055577456,9.493388410688192e-05,0.0239,0.0233,632.7603468663776,4.818646864872225,643.0,620.0,656.1300748916043,2.9090495215782575,662.0,648.0,4.994698462751281,0.011386428706005463,5.03,4.96,1.6324990145841547,0.08448199051996005,1.77,1.45,17.96699829720142,0.0959333471966597,18.30889,17.625,29.163718269609774,0.24064842538447,30.08278,28.71167,18.115526846669297,0.08787794368434095,18.41389,17.76389,27.9258366417028,0.22110756726152642,28.76333,27.54166,normal
71,15.301425739130433,6.842308984052004,53.9696,13.474699999999999,35916.91930434783,10.699962203338194,35941.7,35889.6,3131.2074608695652,5.502496787232216,3142.14,3117.13,1653.6015304347827,0.293798424631612,1654.4099999999999,1652.8700000000001,5.893652173913044e-06,1.939257483662554e-07,6.17e-06,5.41e-06,0.02355739130434783,0.00015787177214414606,0.0242,0.0233,634.4347826086956,4.954022816800842,645.0,623.0,657.4208695652173,3.0955035292633277,664.0,649.0,4.984782608695652,0.015603304510575544,5.02,4.95,1.793060869565217,0.014447602646773477,1.82,1.77,18.282461269565214,0.30090413181412173,19.49389,17.94889,29.448979095652177,0.31220309033075383,30.89167,29.12889,18.378491060869564,0.2782550759865612,19.60166,18.15223,28.19011928695652,0.2990271038494651,29.55944,27.9,small error
72,14.820403902439024,2.4539906921180106,28.6632,13.4892,35936.567804878054,8.13248715018296,35954.700000000004,35919.8,3136.853853658537,3.963593277011842,3147.48,3128.79,1653.4688048780488,0.10892129894975629,1653.77,1653.1899999999998,6.003e-06,2.5358553482381967e-08,6.09e-06,5.96e-06,0.023683414634146343,6.498484894315124e-05,0.0238,0.0236,636.8512195121951,3.8934225740920665,644.0,629.0,660.1926829268293,1.0671558626368078,663.0,658.0,4.993414634146341,0.00895786280875856,5.01,4.97,1.840439024390244,0.012598848824829024,1.86,1.82,18.100223780487802,0.07875887938981221,18.28556,17.91055,29.148607268292686,0.08729794320529018,29.34056,28.93833,18.24279512195122,0.06840571336259306,18.38611,18.07222,27.911650243902436,0.08370050972108065,28.05445,27.68055,normal
73,13.349522991689751,0.06407322501917836,13.503400000000001,13.2465,35954.349584487536,6.647836414468836,35969.5,35931.2,3142.795650969529,5.084801556278096,3154.38,3130.69,1653.572465373961,0.16439540593383137,1653.8999999999999,1653.17,5.78628808864266e-06,1.9227458691775167e-07,6.1e-06,5.36e-06,0.023676731301939057,8.172689847371947e-05,0.0238,0.0235,638.6814404432133,4.329602769490752,647.0,630.0,661.8393351800554,2.2917008727405888,665.0,657.0,4.981080332409973,0.015172953858035895,5.02,4.95,1.873656509695291,0.00855917428556039,1.89,1.86,18.134293240997227,0.26260185086461624,18.81778,17.62,29.29451592797784,0.21440080496917038,29.88167,28.88167,18.224940415512464,0.26786692637098375,18.95389,17.79722,28.02784077562327,0.21950130413421007,28.62389,27.61111,small error
74,13.133010840707962,0.06671155894156924,13.291,12.992,35939.68827433628,16.42175866374465,35975.700000000004,35908.1,3140.4670722713863,4.21827878688977,3152.88,3130.09,1653.5423672566374,0.13310069186264314,1653.97,1653.23,5.901570796460178e-06,3.625813768987427e-08,6.01e-06,5.82e-06,0.023706268436578175,7.983709561954061e-05,0.0239,0.0236,637.6157817109145,4.216539413823813,647.0,629.0,661.0324483775811,1.5156191168285837,665.0,657.0,4.998709439528024,0.009923750599380277,5.02,4.97,1.9566961651917405,0.03828036811564588,2.02,1.89,17.92925185840708,0.08021200642300091,18.17278,17.61222,29.241708805309734,0.22854725026445322,30.69278,28.80722,18.07175784660767,0.06651475458830522,18.27556,17.81278,27.95793938790561,0.20168526369208928,29.25278,27.55944,normal
75,12.986067660550459,0.03075995508470793,13.052100000000001,12.8964,35939.43142201835,13.24280932781013,35961.0,35911.1,3139.797155963303,4.029235651936726,3150.4900000000002,3131.04,1653.4564220183486,0.12555548618751736,1653.71,1653.12,5.690940366972477e-06,1.8051468211399217e-07,5.93e-06,5.25e-06,0.02363073394495413,7.772875231885046e-05,0.0238,0.0235,637.0504587155963,4.077662703366916,644.0,629.0,660.3073394495412,1.4229777049823917,663.0,657.0,4.987844036697247,0.016243364303539485,5.03,4.96,2.037018348623853,0.009112811899461266,2.05,2.02,18.080973532110093,0.3450630117428016,19.13111,17.58111,29.299717866972475,0.3471527525638841,30.25889,28.67555,18.187292752293576,0.3369608569726135,19.27278,17.77944,28.022196651376145,0.3434155627061196,29.02111,27.45111,small error
76,12.94367029876977,0.02537529532365471,13.0124,12.8904,35955.08980667838,5.854013441908743,35966.700000000004,35940.7,3130.3498594024604,4.435004920196746,3141.35,3120.5699999999997,1653.141072056239,0.16748158426037066,1653.59,1652.7099999999998,5.778963093145869e-06,3.6315524193626265e-08,5.88e-06,5.7e-06,0.0235377855887522,5.9303614861256396e-05,0.0236,0.0234,633.1968365553603,4.010100431155965,642.0,624.0,656.5694200351494,2.041604204156344,660.0,651.0,4.991546572934974,0.009100283989650617,5.02,4.97,2.079455184534271,0.01572939671877669,2.11,2.05,18.036106203866435,0.09728682190408824,18.255,17.71222,29.197209806678377,0.11717368983811792,29.80167,28.77889,18.179649402460456,0.09540674086672976,18.40111,17.8,27.937153637961337,0.10683320770367268,28.48722,27.54944,normal
77,12.904528391959799,0.04101314740270743,13.0016,12.821000000000002,35954.303517587934,9.322659358780196,35979.5,35936.3,3133.502462311558,7.788230962728495,3146.58,3113.5899999999997,1653.1726381909548,0.3329235806879555,1653.65,1652.34,5.5538693467336685e-06,1.652876372807698e-07,5.81e-06,5.18e-06,0.023512562814070354,0.00016839130638071845,0.0238,0.0232,633.4673366834171,6.168718391339363,645.0,618.0,657.213567839196,4.928416224588958,663.0,645.0,4.981180904522613,0.014747665560421624,5.02,4.95,2.118115577889447,0.0076258019220850305,2.13,2.11,18.24763510050251,0.3387950110267113,19.41945,17.89722,29.1139425879397,0.33430856700567335,30.24833,28.83778,18.33329203517588,0.3231338049257186,19.48611,18.09,27.877831557788944,0.32926079450271567,29.03889,27.62389,small error
78,12.85767140549273,0.02897852580325877,12.9535,12.7986,35976.085621970924,7.5609264294635805,36003.700000000004,35958.5,3133.3076413570275,4.669448204163032,3144.72,3121.74,1653.2461550888531,0.1724985301352683,1653.5800000000002,1652.77,5.741147011308562e-06,2.695692422564164e-08,5.82e-06,5.68e-06,0.023594022617124396,7.159626650605175e-05,0.0238,0.0234,634.6203554119547,4.080854248134015,642.0,626.0,657.81098546042,1.916917233742245,661.0,653.0,5.002439418416801,0.009503574373613427,5.03,4.98,2.161841680129241,0.016966580736775417,2.19,2.13,18.15099546042003,0.07482692873116904,18.345,17.81,29.31950216478191,0.21579217011815535,30.26667,29.00278,18.284069789983846,0.06409813694378767,18.47333,18.04167,28.051469434571892,0.19823440261411956,28.99778,27.72444,normal
79,12.813956888888889,0.022545092891626366,12.8904,12.7682,35984.88888888889,6.427001571988766,35999.1,35968.5,3138.6180000000004,7.0837672836261,3152.43,3124.7400000000002,1653.3900444444446,0.1842298103344729,1653.77,1653.02,5.419155555555555e-06,1.9771845463078896e-07,5.81e-06,5.13e-06,0.023613333333333337,7.19622917128921e-05,0.0238,0.0235,637.6888888888889,4.806163371048303,647.0,628.0,660.9777777777778,2.9299019432099422,666.0,656.0,4.986488888888889,0.019287095776504566,5.02,4.95,2.196444444444444,0.004797486114192931,2.2,2.19,18.46753822222222,0.509443770153892,19.905,17.96444,29.779047555555557,0.5517010287371436,31.53278,29.25778,18.51381137777778,0.49079404877577554,19.91055,18.05667,28.467212444444442,0.5299927953854809,30.145,27.96167,small error
80,12.756376237623762,0.035717653559883496,12.840900000000001,12.6965,35998.57128712872,5.629282655070335,36008.7,35984.9,3139.2915346534655,3.6566180880804233,3147.3399999999997,3132.01,1653.5037623762378,0.10002836896257486,1653.68,1653.24,5.624653465346536e-06,5.89048369304447e-08,5.73e-06,5.51e-06,0.02372326732673267,4.89005267273394e-05,0.0238,0.0236,638.7425742574258,3.6163076338191384,644.0,632.0,661.7376237623762,0.7091935697907455,663.0,660.0,4.981237623762378,0.008162099665056804,4.99,4.96,2.210049504950495,0.006654032163456502,2.22,2.2,18.06017896039604,0.1079447476705564,18.30611,17.87167,29.3307348019802,0.13732595178277535,29.70667,29.02111,18.19322306930693,0.08713360419827837,18.41944,18.04389,28.072989999999997,0.136412219514367,28.41278,27.78389,normal
81,12.771611904761905,0.028160320420564298,12.8465,12.7051,36010.110884353744,7.095219072462884,36030.9,35996.200000000004,3133.5928911564624,4.421735734164607,3142.2599999999998,3123.4,1653.208401360544,0.14608600766799895,1653.5800000000002,1652.86,5.423605442176872e-06,1.796999606975987e-07,5.7e-06,5.11e-06,0.023544557823129253,9.61066763139011e-05,0.0237,0.0234,636.2551020408164,4.332537168588073,643.0,626.0,659.1088435374149,1.7859109269269613,662.0,654.0,4.978605442176871,0.015841388665612875,5.01,4.95,2.2294557823129253,0.005757596308895277,2.24,2.22,18.2010975170068,0.33688891660712394,19.11833,17.66111,29.405719863945574,0.33762362701498355,30.31833,28.77111,18.27507357142857,0.33857965961289466,19.20833,17.74333,28.126661054421767,0.34041152884495113,29.12389,27.57222,small error
82,12.752114444444445,0.03782660386821282,12.8585,12.6746,35995.375222222225,13.029445451844438,36030.2,35961.5,3132.796566666667,4.586105786598586,3143.04,3118.51,1653.2292,0.17848461109014963,1653.56,1652.45,5.607444444444444e-06,4.752052682428556e-08,5.84e-06,5.51e-06,0.02360111111111111,8.670772821522744e-05,0.0238,0.0233,635.0677777777778,4.226204806866711,643.0,623.0,658.5822222222222,2.152918074456908,662.0,650.0,4.995544444444445,0.011821495015748435,5.03,4.96,2.276011111111111,0.02244706760687947,2.31,2.24,17.929814188888887,0.08253771193284927,18.19834,17.69444,29.17118937777778,0.1518921401063472,29.86389,28.81444,18.06835656666667,0.06655880289834155,18.24722,17.86667,27.903746533333333,0.1417966541633004,28.53889,27.57222,normal
83,12.7000991416309,0.029032110628335186,12.780700000000001,12.621500000000001,35980.046351931334,4.7451060992201395,35994.2,35969.6,3131.6839055793985,3.933493635523186,3138.7200000000003,3122.12,1653.1931759656652,0.1474590794407656,1653.5,1652.86,5.624678111587984e-06,3.393711593223322e-08,5.71e-06,5.57e-06,0.023594420600858375,6.168422020299172e-05,0.0238,0.0235,634.5364806866953,4.035371577431787,642.0,627.0,658.0429184549356,1.553043196452012,660.0,655.0,5.005021459227467,0.007830337967741921,5.02,4.99,2.325321888412017,0.007428062577813201,2.34,2.31,18.098683733905577,0.15312461012830716,18.54778,17.74556,29.38584678111588,0.2104444157967258,30.10889,28.95389,18.23093678111588,0.14795735045552236,18.70722,17.95889,28.1075782832618,0.20557299112012414,28.80722,27.71445,small error
84,12.642149853372432,0.029770511095054988,12.7271,12.574200000000001,35978.86129032258,5.262600853374087,35991.0,35968.1,3130.8387390029334,3.1070221026549136,3137.57,3123.8700000000003,1653.1771847507332,0.1065680859509443,1653.43,1652.9,5.643079178885631e-06,2.8874314973798702e-08,5.74e-06,5.61e-06,0.023594721407624634,5.766277557856956e-05,0.0237,0.0235,634.2697947214076,4.010713184940357,642.0,627.0,657.7565982404692,1.1098458477471573,660.0,655.0,5.019706744868035,0.008255243340341176,5.05,5.0,2.359208211143695,0.01191714249809885,2.38,2.34,18.005226832844574,0.08837834273866939,18.21889,17.70222,29.279979296187683,0.17315641215752844,29.85833,29.00555,18.129649677419355,0.07595146688093794,18.27278,17.84333,27.98759721407625,0.16281242211472333,28.53389,27.69611,normal
85,12.587553083109917,0.027548674858087412,12.6953,12.5429,35983.55710455764,6.803828316904949,35997.799999999996,35969.4,3131.4625737265415,3.445168554494498,3138.9700000000003,3123.86,1653.120348525469,0.10787356562408544,1653.33,1652.8700000000001,5.421099195710456e-06,1.9721480926638123e-07,5.72e-06,5.02e-06,0.023535388739946383,7.319271646713252e-05,0.0237,0.0233,634.5040214477211,3.878270027749603,641.0,627.0,657.8954423592493,1.176520124001013,660.0,655.0,4.996836461126006,0.020988157447334364,5.05,4.96,2.395335120643432,0.009111482463738801,2.41,2.38,18.065012707774798,0.34233216579369624,19.18555,17.59167,29.266326541554964,0.3413769713834896,30.63833,28.67834,18.162003217158176,0.31620611584825026,19.21111,17.725,27.987174638069707,0.3272365065162792,29.31444,27.46444,small error
86,12.603128266666667,0.025655604996814258,12.6913,12.545,35988.98693333333,7.959080257182144,36008.7,35971.0,3127.079226666667,4.975271849382291,3139.57,3116.73,1652.9448266666668,0.20777133711588178,1653.3700000000001,1652.46,5.531413333333335e-06,4.850642211299267e-08,5.65e-06,5.41e-06,0.023493066666666663,9.246618597964125e-05,0.0237,0.0233,631.6613333333333,5.108695519938793,641.0,620.0,654.848,3.3201798333073107,660.0,648.0,4.999533333333334,0.010586074604068978,5.03,4.97,2.448506666666667,0.023245582340594557,2.49,2.41,17.997370319999998,0.13295582309533333,18.30611,17.63,29.272708400000003,0.20300145325688168,29.995,28.78389,18.148106480000003,0.12271171088963832,18.44222,17.82778,28.010598013333336,0.1881407238904817,28.71444,27.53611,normal
87,12.579993597560977,0.039222029187209635,12.6818,12.5181,36016.012804878046,7.701992716355411,36027.700000000004,35996.200000000004,3131.425426829268,5.660990755249584,3143.05,3116.8999999999996,1653.0778353658538,0.1916256154130693,1653.43,1652.5,5.349420731707317e-06,1.7911599046380506e-07,5.61e-06,4.99e-06,0.023526524390243903,7.819128518663471e-05,0.0236,0.0233,633.8932926829268,5.075354266390222,644.0,621.0,657.3719512195122,3.3330069952882933,662.0,648.0,4.987439024390245,0.01653915569841844,5.03,4.96,2.495670731707317,0.00809961659990223,2.51,2.48,18.421549420731708,0.3814305263413584,19.66111,17.83333,29.62204756097561,0.3674858988887961,30.64389,28.995,18.503114420731706,0.3576869043644062,19.73278,18.02111,28.34309646341463,0.3576269044402325,29.37667,27.74778,small error
88,13.627744712990935,3.4777263478744755,42.418200000000006,12.5308,36047.598992950654,14.070926292422099,36072.5,36015.3,3133.087502517623,3.789401631397222,3143.2799999999997,3123.94,1653.3761933534743,0.3318599996247662,1654.32,1652.7,5.44007049345418e-06,1.3667750726950456e-07,5.7e-06,4.97e-06,0.023595166163142,6.627166096802841e-05,0.0239,0.0235,635.2618328298087,4.40673095227467,644.0,625.0,658.4431017119839,1.6111491737288317,662.0,653.0,4.995568982880162,0.013278329600083487,5.03,4.96,2.560886203423968,0.028256103768715457,2.62,2.51,18.106355518630412,0.09014967960576484,18.30889,17.78444,29.380594803625375,0.1714481025827364,30.09333,28.91778,18.233197542799594,0.08437675567710078,18.43222,17.91778,28.104952406847936,0.1633087317230884,28.75778,27.70389,normal
89,12.73152027777778,0.05451308094715979,12.8499,12.6464,36047.68444444444,10.977628921486177,36069.0,36024.4,3128.898333333333,3.8870658316967455,3136.6,3117.84,1653.8026944444443,0.13204715951787652,1654.1,1653.45,5.269944444444445e-06,1.785003990140033e-07,5.52e-06,4.92e-06,0.023508333333333336,5.8652463039609734e-05,0.0236,0.0234,633.4416666666667,4.422900332786226,642.0,623.0,656.8833333333333,1.9241175671606507,661.0,651.0,4.990888888888889,0.017127699596545632,5.03,4.96,2.6152222222222226,0.00707741163799704,2.63,2.6,18.11625438888889,0.3012184303589779,18.98222,17.71222,29.304775111111113,0.3153247243220705,30.50167,28.90222,18.212634361111114,0.27268626113613414,19.01833,17.83834,28.03417577777778,0.2988336029215058,29.18833,27.65,small error
90,12.494572620320856,0.11029768265866582,12.7875,12.2775,36005.89433155081,11.972237690963144,36030.9,35985.9,3129.9471657754007,3.580846560109787,3139.96,3121.81,1653.1581711229946,0.30195751899329704,1653.97,1652.6799999999998,5.395700534759359e-06,3.646764060474568e-08,5.49e-06,5.3e-06,0.023568877005347596,5.400770085083913e-05,0.0237,0.0235,634.248128342246,4.047950577851324,642.0,626.0,657.4598930481284,1.222665143360544,661.0,654.0,4.998491978609626,0.00939119421246071,5.03,4.98,2.6738930481283423,0.027606699851182318,2.72,2.62,17.877813903743316,0.08760232940379747,18.175,17.54778,29.149603860962564,0.1957830970703555,30.32333,28.74778,18.04060244919786,0.07543804829464136,18.28556,17.68167,27.887219294117646,0.17713517755833635,28.96667,27.51556,normal
91,36804.05989863099,24481.840134188275,78846.90000000001,11.9076,136003.63067828253,48485.07782055198,213188.0,35987.299999999996,58994.39535780958,34991.93363035687,120708.0,3124.11,49000.95955818294,30643.007982950985,103583.0,1653.01,0.017437588382078404,0.019751069173513807,0.0519,5.44e-06,1.3439320255133786,2.8060240794039712,21.8,0.000503,1050.2930118232732,308.82227432871247,1380.0,-3.29,1109.9103920348475,132.60313333081163,1400.0,658.0,621.3947853142502,221.12401325482844,736.0,5.0,2.795413814561294,0.0321122313234507,2.85,2.71,22.80438324206596,3.4293635941805327,29.30722,15.39333,23.633952893590543,5.3194731171949,51.29445,15.38833,24.155561443683883,3.6866565758685677,30.45222,15.56833,25.027077871810828,6.011359023866314,53.44278,15.37833,crush down
92,18910.82948891904,36933.479416989,101835.0,0.0,247972.18181818182,14561.386387069537,266683.0,213188.0,178958.80325644504,28942.794254613636,221597.0,120708.0,161969.1225689733,30054.103270058215,208058.0,103583.0,0.07819488919041158,0.01919618849149065,0.132,0.0511,0.001890466304839439,0.0008684529367075053,0.00337,0.000501,-3.1875893260967887,0.061456864569861595,-3.01,-3.32,708.2804161013116,17.866905400909857,742.0,679.0,726.3821800090457,3.215070415923487,735.0,723.0,2.774762550881954,0.020710789581128413,2.85,2.75,15.68303920850294,0.07083735637211176,15.99,15.41945,15.721075490728175,0.06870792127840392,16.02611,15.45,15.684419063772047,0.078632964329016,16.05444,15.42167,15.636322971506106,0.06928566302297096,15.95389,15.36,notworking
